banc_626,mcns_0.9,fafb_783,pattern_side,pattern_symsplit_index,heldout_symsplit_index
720575941633862331,10009,720575940626979621,left,3013,11911
720575941605177534,10046,720575940635684762,left,2685,17858
720575941518911960,126088,720575940634502812,left,1454,17382
720575941413568660,106175,720575940645194606,left,129,20295
720575941515143523,66365,720575940614710509,left,1383,3177
720575941552824603,117630,720575940622402742,left,1995,8279
720575941489940172,144338,720575940614598546,left,974,3106
720575941581303929,46303,720575940627604977,left,2436,12590
720575941643413093,12764,720575940617407003,left,3056,4591
720575941563347112,51115,720575940627569920,left,2175,12571
720575941579108953,10677,720575940621780577,left,2412,7744
720575941427599956,11064,720575940621364872,left,175,7373
720575941644725960,14446,720575940624269706,left,3084,9831
720575941450717006,15159,720575940628120744,left,480,13025
720575941573614664,79321,720575940627706398,left,2324,12662
720575941432431063,10027,720575940625391112,left,244,10643
720575941564243602,11669,720575940626848275,left,2197,11773
720575941459991366,32327,720575940609567586,left,566,1148
720575941521225143,67715,720575940628136977,left,1490,13042
720575941590069559,19345,720575940637309412,left,2502,18418
720575941610682470,531094,720575940622929643,left,2722,8673
720575941559105295,58851,720575940618085189,left,2103,5051
720575941447738900,23412,720575940627000363,left,424,11930
720575941603447798,16674,720575940623475197,left,2675,9168
720575941415567388,18462,720575940631697455,left,154,15813
720575941553210395,20760,720575940626754409,left,2010,11689
720575941591608939,17863,720575940611756441,left,2528,1805
720575941600755241,74614,720575940639123544,left,2648,19103
720575941530001893,24402,720575940640802163,left,1615,19643
720575941470654987,523926,720575940625872717,left,665,10974
720575941633322912,523044,720575940623386077,left,3008,9092
720575941557613604,118641,720575940632326298,left,2086,16250
720575941590471820,68642,720575940625748764,left,2506,10888
720575941494528640,18472,720575940627662279,left,1037,12622
720575941452223610,545813,720575940630146871,left,497,14575
720575941400948515,138511,720575940613598887,left,47,2658
720575941486814214,80514,720575940623905636,left,950,9510
720575941485863746,20700,720575940631463272,left,932,15644
720575941513788881,10275,720575940651804918,left,1350,20745
720575941431652015,137469,720575940619928417,left,226,6153
720575941578902517,153538,720575940634147991,left,2408,17249
720575941645295736,144857,720575940604589856,left,3096,145
720575941505836613,11113,720575940623688461,left,1215,9346
720575941352176432,76777,720575940661289345,left,3,20998
720575941477734506,15820,720575940612718563,left,777,2245
720575941534188632,16616,720575940623676600,left,1677,9337
720575941659104336,31598,720575940628888040,left,3189,13614
720575941435408526,63177,720575940643300493,left,276,20003
720575941401286179,957716,720575940638792937,left,50,18989
720575941539794125,43781,720575940614370531,left,1821,2996
720575941556494500,196917,720575940614959254,left,2072,3292
720575941409103407,35233,720575940631032657,left,94,15316
720575941645578696,29991,720575940614594610,left,3103,3105
720575941507197207,13679,720575940625845447,left,1251,10962
720575941581867641,10898,720575940621819227,left,2440,7783
720575941584606815,67385,720575940614303890,left,2448,2965
720575941496030592,56703,720575940624676861,left,1060,10150
720575941477770049,81416,720575940633101741,left,780,16731
720575941560101747,81816,720575940639841699,left,2123,19372
720575941620098431,23701,720575940633090607,left,2837,16725
720575941614562323,29337,720575940612093351,left,2803,1945
720575941555345153,71909,720575940614582946,left,2051,3098
720575941652987889,95311,720575940625841351,left,3136,10959
720575941624602620,24818,720575940633786012,left,2859,17084
720575941720866362,106580,720575940628255621,left,3340,13128
720575941576832104,63401,720575940614638759,left,2391,3131
720575941539841485,56067,720575940613302169,left,1823,2533
720575941435469198,93709,720575940623167838,left,279,8899
720575941450221493,80246,720575940626710576,left,466,11649
720575941565138327,127658,720575940614343917,left,2213,2986
720575941560268270,41470,720575940628743496,left,2128,13501
720575941568394030,66965,720575940620595113,left,2267,6687
720575941549450301,58192,720575940638105968,left,1944,18746
720575941598970048,49739,720575940636565872,left,2637,18180
720575941495281024,87025,720575940628453847,left,1050,13284
720575941519454574,152592,720575940620246107,left,1465,6399
720575941457653488,99452,720575940604820140,left,536,188
720575941527241912,124944,720575940613663658,left,1576,2696
720575941511393233,143526,720575940616382865,left,1322,3985
720575941479851683,140807,720575940630013822,left,809,14481
720575941643058533,59019,720575940620001718,left,3048,6208
720575941650578193,119874,720575940614261610,left,3105,2937
720575941667080947,99219,720575940619046469,left,3221,5592
720575941507710480,76413,720575940632312907,left,1271,16243
720575941483458490,122476,720575940627906033,left,898,12838
720575941477915700,46558,720575940633728173,left,784,17063
720575941671781287,93415,720575940631019264,left,3260,15301
720575941408785455,17906,720575940614358162,left,92,2991
720575941459818195,27634,720575940636523866,left,562,18166
720575941574834696,27427,720575940622056564,left,2355,7970
720575941536138433,19032,720575940641227136,left,1735,19722
720575941534443352,39137,720575940633572004,left,1687,16963
720575941652579093,89797,720575940630259927,left,3130,14667
720575941511186508,49992,720575940627336714,left,1320,12357
720575941633125061,74044,720575940631783528,left,3001,15878
720575941596735621,56902,720575940615046311,left,2615,3334
720575941593624278,50437,720575940618323234,left,2554,5209
720575941526968578,57987,720575940628039676,left,1557,12954
720575941681163709,49182,720575940629121527,left,3271,13766
720575941471433335,21565,720575940623463923,left,683,9161
720575941430448376,24691,720575940622138573,left,196,8052
720575941480235171,53918,720575940632220985,left,818,16179
720575941531393995,77307,720575940637727150,left,1630,18586
720575941562681000,58347,720575940620159366,left,2161,6342
720575941614581779,22893,720575940623276046,left,2804,8993
720575941592943656,13051,720575940619727380,left,2542,5997
720575941471419712,50658,720575940613864298,left,680,2781
720575941499022305,122824,720575940611203282,left,1104,1615
720575941520998327,56404,720575940617254261,left,1486,4482
720575941667081459,92826,720575940627176695,left,3222,12155
720575941438167871,20776,720575940640482904,left,306,19567
720575941481682685,15173,720575940616300171,left,855,3949
720575941491986919,126597,720575940612968421,left,1019,2377
720575941401338403,10420,720575940619055617,left,51,5595
720575941526957133,36742,720575940636217012,left,1556,18051
720575941550016061,10068,720575940616341563,left,1957,3965
720575941449793373,10150,720575940626348218,left,448,11347
720575941596505733,523675,720575940638770148,left,2612,18984
720575941483809722,525537,720575940624613936,left,907,10106
720575941477601844,86724,720575940639823413,left,774,19367
720575941529202052,76972,720575940621417454,left,1608,7419
720575941503905879,78937,720575940618819668,left,1180,5489
720575941546314601,68971,720575940631207388,left,1889,15444
720575941413821844,519363,720575940615127471,left,137,3371
720575941439418197,11266,720575940637203934,left,344,18377
720575941439575871,20360,720575940618090457,left,348,5057
720575941441016015,13223,720575940631328738,left,375,15551
720575941442503119,25628,720575940638164864,left,406,18776
720575941450253749,53950,720575940627235386,left,468,12229
720575941450331229,44944,720575940634477163,left,470,17374
720575941480497632,28663,720575940623767188,left,830,9399
720575941483576006,34260,720575940608035374,left,902,808
720575941496920448,87266,720575940614018060,left,1072,2837
720575941503873623,13443,720575940619953391,left,1179,6167
720575941510380304,13030,720575940622368295,left,1309,8244
720575941514335820,35297,720575940609648395,left,1365,1164
720575941515961603,23839,720575940632084705,left,1412,16096
720575941516001123,36095,720575940632607948,left,1415,16451
720575941516178010,137463,720575940620010409,left,1419,6216
720575941519200940,91157,720575940620031308,left,1460,6235
720575941519499180,188933,720575940627322627,left,1466,12337
720575941526974466,83255,720575940627106173,left,1558,12060
720575941528135846,31896,720575940623454216,left,1595,9153
720575941531506123,10858,720575940647563316,left,1633,20589
720575941470236023,12174,720575940615933919,left,658,3750
720575941503734103,17510,720575940632465962,left,1172,16355
720575941531276675,521551,720575940622928041,left,1628,8672
720575941504545586,15307,720575940625390828,left,1191,10642
720575941434515488,70654,720575940632371598,left,260,16273
720575941538618610,20456,720575940622539252,left,1795,8370
720575941571962888,48079,720575940622685608,left,2305,8481
720575941483911933,31886,720575940617928763,left,911,4949
720575941453550249,125941,720575940624939824,left,510,10346
720575941478446243,122635,720575940642707360,left,788,19943
720575941625967050,104402,720575940623554072,left,2898,9239
720575941440677717,21719,720575940659801985,left,365,20928
720575941574064649,531557,720575940620083335,left,2336,6280
720575941589296964,13945,720575940627018259,left,2495,11947
720575941573815305,50016,720575940618570525,left,2331,5350
720575941565178934,23579,720575940613376242,left,2215,2553
720575941539206130,52902,720575940630174326,left,1801,14598
720575941626341996,37153,720575940624903866,left,2914,10318
720575941462728848,20948,720575940625442570,left,606,10685
720575941514038092,57339,720575940632504801,left,1358,16370
720575941498999777,27695,720575940619674790,left,1103,5948
720575941408580526,20027,720575940609790987,left,86,1196
720575941481358927,113758,720575940638198342,left,848,18786
720575941632356588,60306,720575940629123177,left,2990,13769
720575941555403777,26590,720575940625704714,left,2052,10863
720575941527336194,16865,720575940626963593,left,1581,11887
720575941445204394,75062,720575940637028782,left,416,18339
720575941536634906,55054,720575940631848234,left,1745,15915
720575941491966695,76742,720575940633920654,left,1018,17167
720575941628172345,93821,720575940631642220,left,2934,15770
720575941521313975,101689,720575940604012134,left,1495,88
720575941546524521,28035,720575940622895885,left,1900,8647
720575941469969629,81861,720575940612739989,left,654,2258
720575941691009755,56451,720575940635206392,left,3325,17669
720575941471941643,15790,720575940639185990,left,693,19131
720575941439558975,32722,720575940622819464,left,347,8601
720575941415863068,28387,720575940613638041,left,157,2687
720575941688059916,33456,720575940639137443,left,3295,19107
720575941658700824,26866,720575940652611745,left,3182,20780
720575941502273419,33944,720575940629474307,left,1140,14029
720575941431400696,65321,720575940630434678,left,223,14817
720575941566411318,44245,720575940619455829,left,2240,5839
720575941550204276,51853,720575940612354983,left,1964,2057
720575941431397368,72012,720575940624954298,left,222,10359
720575941518117804,71668,720575940624037639,left,1441,9627
720575941507559749,87611,720575940606118322,left,1263,486
720575941483506618,118618,720575940632427091,left,900,16322
720575941561409581,134345,720575940619990804,left,2150,6198
720575941593520747,119803,720575940629949495,left,2553,14435
720575941578759257,28628,720575940629075559,left,2403,13730
720575941732764971,32420,720575940636095599,left,3368,18021
720575941541900636,34645,720575940643207584,left,1844,19992
720575941551486463,126151,720575940624631530,left,1975,10121
720575941598556060,84807,720575940633883022,left,2626,17141
720575941450035125,81387,720575940619470256,left,460,5847
720575941454579763,80596,720575940618591557,left,517,5355
720575941546556009,101749,720575940627277754,left,1903,12288
720575941463952909,21768,720575940615954070,left,612,3758
720575941427908692,17954,720575940621595937,left,181,7559
720575941653792785,39754,720575940627271823,left,3143,12278
720575941539298197,38729,720575940619730870,left,1804,6002
720575941467013718,29102,720575940627235134,left,630,12228
720575941645339297,42503,720575940608740105,left,3098,970
720575941558997263,59894,720575940627327294,left,2101,12343
720575941549711905,89214,720575940605321760,left,1950,287
720575941482313667,35631,720575940615581964,left,866,3591
720575941495974528,78734,720575940620779553,left,1058,6883
720575941496981888,114211,720575940621245805,left,1073,7278
720575941688903286,32585,720575940632069583,left,3311,16082
720575941570119668,55208,720575940631239468,left,2297,15471
720575941441557967,128163,720575940627211401,left,385,12202
720575941626307948,127029,720575940622350156,left,2912,8223
720575941529280388,54286,720575940623740771,left,1610,9385
720575941572727198,115751,720575940626078864,left,2310,11134
720575941515208953,102401,720575940627302415,left,1385,12321
720575941669442737,79599,720575940617160862,left,3242,4414
720575941610407498,43082,720575940631476588,left,2716,15651
720575941535282922,91526,720575940647731252,left,1711,20610
720575941628152377,87328,720575940640163773,left,2933,19471
720575941521332915,53157,720575940613142514,left,1496,2468
720575941570159092,81315,720575940634748385,left,2300,17480
720575941499031881,13847,720575940631893218,left,1105,15945
720575941508691746,65619,720575940617808418,left,1299,4856
720575941563467176,54279,720575940647459460,left,2182,20580
720575941629973798,58004,720575940647087412,left,2949,20549
720575941559678958,95560,720575940623493559,left,2114,9178
720575941481452227,91277,720575940638269757,left,850,18812
720575941471427703,43249,720575940640124880,left,682,19459
720575941483771389,64704,720575940637638889,left,905,18544
720575941411393195,31085,720575940618275520,left,114,5182
720575941527021478,55166,720575940635970446,left,1564,17967
720575941503081815,137142,720575940627093766,left,1161,12037
720575941498681467,81553,720575940626381570,left,1100,11378
720575941440816575,60101,720575940623919507,left,366,9524
720575941534708714,64788,720575940612649074,left,1693,2213
720575941438270764,71437,720575940622784717,left,308,8571
720575941508596609,78823,720575940627759753,left,1294,12705
720575941510911442,116070,720575940622045534,left,1318,7963
720575941469906653,105272,720575940634857583,left,652,17520
720575941546509929,166369,720575940611406042,left,1899,1675
720575941504832562,15447,720575940633007953,left,1205,16694
720575941612207533,30864,720575940620418401,left,2770,6541
720575941519100332,69491,720575940622531060,left,1458,8367
720575941626745452,18464,720575940628686084,left,2924,13464
720575941471537675,46114,720575940628663281,left,686,13452
720575941513867596,31441,720575940621006672,left,1353,7072
720575941613846291,90940,720575940640868184,left,2793,19661
720575941524467787,547712,720575940625098679,left,1525,10476
720575941482496765,131616,720575940618460857,left,869,5282
720575941477570356,86414,720575940624038438,left,773,9628
720575941594028139,105231,720575940632640908,left,2559,16474
720575941480922242,85817,720575940623353420,left,837,9062
720575941557261476,95803,720575940622555869,left,2075,8374
720575941573790459,90380,720575940619457088,left,2329,5840
720575941548350344,100576,720575940626201933,left,1928,11228
720575941566766695,66541,720575940629155177,left,2250,13795
720575941575563663,77318,720575940631128082,left,2376,15388
720575941585519070,130239,720575940623787263,left,2456,9414
720575941408747055,40356,720575940627854162,left,90,12788
720575941442141903,52012,720575940632630319,left,402,16467
720575941449376605,66996,720575940612204949,left,440,1981
720575941495693255,100271,720575940612934627,left,1053,2357
720575941455088691,55069,720575940630149531,left,519,14580
720575941576168296,51147,720575940624456848,left,2384,9994
720575941578992629,127474,720575940633201223,left,2410,16784
720575941607993197,33444,720575940628347722,left,2701,13189
720575941540197212,113874,720575940624070090,left,1829,9654
720575941431479945,62233,720575940628337103,left,224,13182
720575941393214724,24345,720575940610047194,left,38,1266
720575941645203617,65075,720575940605636268,left,3091,355
720575941566335286,51936,720575940631561487,left,2238,15718
720575941352155952,46338,720575940615514683,left,2,3568
720575941399747363,51881,720575940629533495,left,41,14098
720575941402595184,61395,720575940612218163,left,60,1988
720575941414121876,70381,720575940616486668,left,138,4042
720575941415487260,51167,720575940622662663,left,153,8454
720575941428941487,98729,720575940630079744,left,185,14527
720575941440844635,72618,720575940632395980,left,369,16297
720575941458438640,53789,720575940620298223,left,541,6433
720575941475490612,52422,720575940624752108,left,728,10217
720575941482969085,58034,720575940625167118,left,881,10517
720575941483211962,61886,720575940626884879,left,891,11815
720575941483774717,56091,720575940624992039,left,906,10385
720575941486103437,85926,720575940633059757,left,934,16713
720575941495251655,62382,720575940639328627,left,1049,19168
720575941502773995,59032,720575940611116334,left,1151,1583
720575941508257118,74407,720575940614821087,left,1281,3233
720575941510869202,62845,720575940626760372,left,1316,11693
720575941523519051,56444,720575940632950445,left,1516,16669
720575941534281906,62632,720575940635143007,left,1682,17632
720575941537025010,66040,720575940611489754,left,1755,1697
720575941538677397,36091,720575940616048690,left,1797,3809
720575941539085042,41042,720575940620801776,left,1798,6890
720575941546531508,47524,720575940622810117,left,1901,8596
720575941547810952,101938,720575940633391246,left,1921,16882
720575941549234292,117890,720575940646626339,left,1941,20501
720575941560330541,59260,720575940623830792,left,2129,9448
720575941574640744,66170,720575940628994127,left,2347,13678
720575941574681609,43807,720575940636513655,left,2350,18159
720575941589964542,42258,720575940612547481,left,2500,2153
720575941592081259,103124,720575940628099197,left,2532,13006
720575941611389542,34752,720575940629451515,left,2750,14012
720575941625418634,40744,720575940630535740,left,2885,14895
720575941631276524,63183,720575940620102872,left,2974,6295
720575941640028703,42493,720575940621662817,left,3032,7626
720575941653253649,59545,720575940622216012,left,3139,8114
720575941662458492,48505,720575940623700733,left,3206,9356
720575941702387674,29028,720575940631721559,left,3332,15827
720575941731789611,56811,720575940646574883,left,3360,20484
720575941731831339,134052,720575940619381627,left,3361,5794
720575941732788011,79791,720575940621169473,left,3369,7219
720575941626183323,99133,720575940623421516,left,2907,9117
720575941527328589,98037,720575940620350191,left,1580,6485
720575941578953553,43292,720575940618681709,left,2409,5408
720575941461413075,25212,720575940613657342,left,584,2693
720575941532611301,70668,720575940637388004,left,1648,18444
720575941547612552,21930,720575940633299993,left,1918,16832
720575941532846565,12468,720575940622939101,left,1651,8685
720575941556443364,77897,720575940647820676,left,2066,20616
720575941681326525,141687,720575940624695275,left,3273,10166
720575941548820513,106366,720575940625654003,left,1931,10829
720575941432332247,107843,720575940604413664,left,241,120
720575941549947764,134708,720575940611748216,left,1955,1800
720575941408569262,72772,720575940629786624,left,85,14292
720575941506643772,39727,720575940622955852,left,1241,8710
720575941561394733,113945,720575940617340736,left,2148,4546
720575941551918591,93800,720575940605215665,left,1981,268
720575941497945211,106512,720575940608115418,left,1084,826
720575941574795785,111527,720575940629908418,left,2354,14397
720575941642482533,110758,720575940619472344,left,3040,5849
720575941549863997,26879,720575940621943984,left,1951,7873
720575941559748879,106730,720575940621010785,left,2116,7076
720575941427336020,78796,720575940632787816,left,172,16574
720575941461458576,71057,720575940622304895,left,586,8190
720575941515501667,91909,720575940646871684,left,1395,20528
720575941534068568,45858,720575940628863994,left,1670,13596
720575941611630253,119962,720575940628455038,left,2760,13287
720575941595884145,138037,720575940615420358,left,2605,3523
720575941613427475,45094,720575940628107881,left,2786,13015
720575941631815877,136989,720575940614586124,left,2979,3099
720575941392349590,49720,720575940634689561,left,25,17455
720575941412272239,64229,720575940655611553,left,121,20871
720575941412281455,67843,720575940609925589,left,122,1237
720575941427741780,40488,720575940628314643,left,178,13167
720575941430460335,41792,720575940636275124,left,198,18072
720575941431360471,152168,720575940606654386,left,218,566
720575941432172046,69112,720575940611667154,left,235,1774
720575941436260384,66780,720575940615266866,left,289,3445
720575941440326229,44121,720575940636847167,left,360,18279
720575941451645050,102353,720575940613857251,left,491,2778
720575941452982855,75087,720575940626222681,left,507,11246
720575941455824877,550696,720575940626971560,left,524,11898
720575941455963629,102495,720575940632769678,left,526,16563
720575941461693840,93393,720575940610580578,left,595,1402
720575941472675424,96469,720575940608810798,left,703,986
720575941474289450,42931,720575940624234644,left,716,9797
720575941476124721,56558,720575940632164044,left,734,16140
720575941476163434,47173,720575940639250741,left,737,19155
720575941482625210,52510,720575940646433076,left,872,20459
720575941487167696,48214,720575940618420278,left,958,5266
720575941495673031,58047,720575940635540887,left,1052,17804
720575941497023305,45589,720575940606513342,left,1074,529
720575941497257851,59318,720575940618786205,left,1079,5476
720575941498077819,53202,720575940609063800,left,1088,1045
720575941507268446,49656,720575940629763663,left,1253,14272
720575941507494238,48707,720575940613709983,left,1260,2722
720575941508435841,37969,720575940618491038,left,1286,5303
720575941513612364,24579,720575940622490381,left,1346,8343
720575941517636012,64100,720575940624185904,left,1435,9757
720575941518579054,117866,720575940626810442,left,1450,11739
720575941520884147,76485,720575940631679530,left,1484,15796
720575941522216523,55080,720575940632378695,left,1500,16279
720575941527888772,41075,720575940633611883,left,1585,16982
720575941533352323,10705,720575940635542895,left,1658,17806
720575941535216650,54013,720575940636890224,left,1707,18292
720575941539204813,43355,720575940614282134,left,1800,2951
720575941539953789,49368,720575940624689610,left,1828,10159
720575941543837957,48860,720575940630588101,left,1864,14940
720575941545528425,51961,720575940615279419,left,1881,3448
720575941550119679,46695,720575940618697506,left,1960,5417
720575941551899647,52651,720575940618931229,left,1980,5536
720575941554081363,68011,720575940627167253,left,2027,12139
720575941560113523,73240,720575940631016275,left,2124,15299
720575941561951400,46885,720575940632034724,left,2152,16057
720575941563762432,119047,720575940612944298,left,2191,2363
720575941564029447,62350,720575940619962422,left,2192,6175
720575941567366446,64418,720575940624624432,left,2257,10116
720575941571275422,50979,720575940632227501,left,2301,16183
720575941574672271,42297,720575940642773300,left,2349,19949
720575941575925352,39158,720575940643633352,left,2382,20047
720575941588140855,58720,720575940643929800,left,2479,20104
720575941603091902,50488,720575940614989107,left,2667,3309
720575941603423161,61145,720575940621447350,left,2673,7439
720575941610974282,81713,720575940622913285,left,2728,8664
720575941613047772,34375,720575940628683516,left,2783,13463
720575941614508697,46311,720575940632107033,left,2799,16106
720575941615314841,120529,720575940632700256,left,2813,16514
720575941623596955,50763,720575940633468385,left,2843,16916
720575941625167818,50024,720575940634127770,left,2880,17244
720575941629810726,82773,720575940639065296,left,2946,19084
720575941632040133,51780,720575940640460173,left,2981,19559
720575941640132127,60617,720575940646413108,left,3033,20458
720575941651433713,63060,720575940606476478,left,3110,523
720575941652369393,46831,720575940614486782,left,3126,3050
720575941679540413,71723,720575940616367133,left,3262,3977
720575941690326747,45461,720575940619789227,left,3322,6048
720575941702524378,61816,720575940621820513,left,3335,7786
720575941722064698,45474,720575940623989247,left,3342,9583
720575941731415851,79818,720575940624086408,left,3356,9668
720575941506096407,117139,720575940617847709,left,1220,4902
720575941391081110,108598,720575940614518678,left,16,3060
720575941400855587,140109,720575940622639715,left,45,8440
720575941473613354,103510,720575940645130775,left,711,20285
720575941551079679,140211,720575940628266373,left,1971,13134
720575941410937455,109774,720575940620319323,left,108,6453
720575941437054175,114887,720575940624335434,left,292,9893
720575941439120607,62078,720575940612661418,left,334,2219
720575941465206806,98625,720575940617512121,left,614,4662
720575941444772010,144834,720575940627262440,left,412,12264
720575941412294511,143028,720575940630389445,left,123,14786
720575941461668240,112126,720575940631408203,left,593,15608
720575941689827035,116381,720575940627550120,left,3315,12564
720575941482957309,170507,720575940634400959,left,880,17342
720575941594918513,143885,720575940639044942,left,2579,19075
720575941506248005,107141,720575940613640421,left,1230,2688
720575941548285729,93556,720575940632411410,left,1927,16310
720575941516371034,101095,720575940604427232,left,1427,123
720575941513107276,150312,720575940639536291,left,1340,19261
720575941518854872,131179,720575940620275053,left,1452,6417
720575941528103556,105438,720575940626719262,left,1588,11658
720575941462095248,90991,720575940643722440,left,602,20063
720575941537160680,130227,720575940611976115,left,1759,1893
720575941651115281,126300,720575940634421099,left,3108,17346
720575941547662452,107995,720575940617529378,left,1919,4676
720575941414623772,110903,720575940624344516,left,146,9901
720575941553655067,135444,720575940618665339,left,2019,5396
720575941573815561,123371,720575940614276002,left,2332,2948
720575941564736103,144026,720575940599733446,left,2208,8
720575941512861905,139575,720575940628376679,left,1329,13223
720575941613520915,142413,720575940621522122,left,2787,7503
720575941430319497,123133,720575940619209664,left,194,5701
720575941623448316,147510,720575940622362890,left,2840,8234
720575941654195417,124803,720575940624646076,left,3152,10130
720575941575142070,109281,720575940609663812,left,2369,1170
720575941612101862,132290,720575940623551565,left,2767,9236
720575941668461299,139175,720575940625823376,left,3231,10945
720575941630052332,154024,720575940620030633,left,2952,6234
720575941391371158,97163,720575940630364983,left,18,14764
720575941391741956,123167,720575940630729320,left,20,15069
720575941391763460,143141,720575940634866799,left,21,17522
720575941392654486,147118,720575940604411616,left,29,118
720575941400730659,142893,720575940610773602,left,42,1475
720575941401724707,163789,720575940622043560,left,53,7957
720575941408016558,103586,720575940623854077,left,81,9461
720575941408806571,143282,720575940631188524,left,93,15432
720575941410151851,104913,720575940640254928,left,96,19502
720575941410169259,112874,720575940616731665,left,97,4170
720575941412598932,124748,720575940617171985,left,124,4419
720575941413465745,126309,720575940617976389,left,126,4975
720575941413524116,111790,720575940630543055,left,127,14903
720575941415421724,105608,720575940631256338,left,152,15492
720575941415640604,143846,720575940643169933,left,155,19987
720575941426230100,106669,720575940608352690,left,165,877
720575941426566740,99251,720575940611067505,left,166,1567
720575941429940216,158795,720575940612354711,left,188,2056
720575941430013321,112732,720575940621816140,left,189,7781
720575941430470648,119968,720575940630118871,left,199,14561
720575941431112206,113744,720575940636011127,left,208,17984
720575941431113431,115203,720575940636529765,left,209,18168
720575941431876961,142506,720575940638725773,left,230,18967
720575941431881313,101379,720575940640310480,left,231,19517
720575941432297230,98586,720575940642643252,left,239,19931
720575941434989600,116028,720575940660329601,left,266,20955
720575941436172562,121014,720575940609499000,left,288,1141
720575941438126354,116856,720575940609985860,left,305,1257
720575941439369557,126942,720575940612621530,left,339,2199
720575941440190911,117202,720575940616904029,left,357,4261
720575941441439579,88726,720575940617495508,left,382,4651
720575941441566415,107040,720575940619335407,left,386,5765
720575941446789908,123881,720575940620289729,left,417,6427
720575941448141405,144494,720575940621749416,left,431,7707
720575941449576782,109491,720575940622620874,left,443,8423
720575941449915229,151608,720575940623036362,left,452,8776
720575941451188346,134197,720575940627409490,left,487,12419
720575941451598919,144808,720575940628933873,left,489,13644
720575941451650631,128117,720575940629379194,left,493,13955
720575941452347561,109629,720575940639505213,left,498,19241
720575941452359081,127363,720575940643819812,left,499,20090
720575941452581033,94535,720575940644916759,left,503,20248
720575941452897449,130661,720575940612931480,left,506,2352
720575941454414061,122688,720575940615040943,left,515,3329
720575941455967213,116062,720575940619202324,left,527,5699
720575941458954822,131334,720575940619355984,left,546,5775
720575941459053638,132203,720575940623022889,left,549,8767
720575941459664580,111522,720575940625204226,left,560,10535
720575941460424659,99359,720575940626161922,left,575,11202
720575941461881028,153605,720575940626560220,left,597,11529
720575941465609046,112699,720575940627426362,left,615,12435
720575941466723350,103139,720575940630221980,left,624,14640
720575941466841878,122805,720575940631007051,left,627,15291
720575941470560267,133206,720575940633670882,left,662,17025
720575941470693643,127387,720575940634942143,left,667,17553
720575941471041856,154939,720575940604084704,left,670,92
720575941471299959,103193,720575940605096550,left,676,245
720575941471489088,103027,720575940608162652,left,684,835
720575941472927328,114132,720575940615026070,left,708,3323
720575941475968030,150457,720575940620824667,left,732,6907
720575941476211998,133851,720575940621972938,left,739,7903
720575941476655156,114465,720575940624829989,left,745,10272
720575941478453122,134043,720575940627058186,left,789,11994
720575941478529955,115256,720575940627909361,left,792,12843
720575941479150415,103168,720575940628842951,left,798,13580
720575941479345376,137764,720575940633355987,left,802,16864
720575941480097443,137849,720575940639037006,left,813,19070
720575941480420003,117929,720575940610816881,left,823,1491
720575941480443299,117143,720575940611540885,left,825,1720
720575941481104070,127994,720575940612234725,left,845,1994
720575941482630842,155621,720575940612376983,left,873,2065
720575941482644934,123150,720575940615556255,left,875,3584
720575941483265734,151508,720575940615887775,left,893,3732
720575941484647174,140863,720575940617009735,left,913,4334
720575941485269645,129007,720575940617320331,left,914,4527
720575941485510978,110175,720575940617694182,left,918,4780
720575941485517122,117523,720575940623337510,left,919,9048
720575941485713414,124819,720575940624194378,left,926,9766
720575941486962896,104074,720575940625044068,left,954,10434
720575941487494096,141075,720575940625315120,left,959,10597
720575941489159374,141393,720575940625770073,left,968,10899
720575941489758951,123181,720575940626094794,left,972,11155
720575941490622153,123221,720575940626260780,left,988,11280
720575941492349360,124939,720575940627173263,left,1021,12143
720575941494566014,182634,720575940637881919,left,1038,18663
720575941494997632,143874,720575940639230067,left,1043,19148
720575941495655111,136952,720575940640591924,left,1051,19597
720575941495768960,118855,720575940611805333,left,1055,1823
720575941495791232,104987,720575940612061170,left,1057,1929
720575941496743497,90888,720575940612962730,left,1069,2374
720575941496780001,106793,720575940615297548,left,1070,3454
720575941498081353,119768,720575940615987131,left,1089,3780
720575941498124513,109556,720575940617586210,left,1091,4711
720575941498623305,125154,720575940617634388,left,1098,4736
720575941499364321,148984,720575940617832758,left,1114,4882
720575941501714571,104679,720575940618776354,left,1131,5468
720575941503149803,115670,720575940619923029,left,1163,6146
720575941503383639,112205,720575940620894630,left,1166,6962
720575941503402178,106267,720575940621776842,left,1167,7736
720575941503414359,125659,720575940621949985,left,1168,7883
720575941503463362,125832,720575940623248010,left,1169,8970
720575941503734210,153072,720575940623610090,left,1173,9277
720575941504104130,119829,720575940623714765,left,1186,9366
720575941505166245,126733,720575940625013948,left,1208,10405
720575941505339452,126345,720575940627215377,left,1209,12206
720575941505490085,126817,720575940627348841,left,1212,12366
720575941506099479,121795,720575940628047592,left,1221,12960
720575941506209047,130808,720575940628624683,left,1227,13423
720575941506239045,112689,720575940630067676,left,1229,14520
720575941506798405,129720,720575940630265339,left,1245,14671
720575941507532126,124712,720575940630755269,left,1261,15093
720575941507911970,134396,720575940630905228,left,1274,15210
720575941507925794,126504,720575940631281706,left,1275,15515
720575941509197778,133109,720575940631567687,left,1304,15726
720575941511200210,107529,720575940631856451,left,1321,15919
720575941513822713,156149,720575940632453459,left,1352,16346
720575941514525955,125678,720575940633804389,left,1366,17097
720575941514592346,127680,720575940634219616,left,1368,17281
720575941514812762,125922,720575940635287476,left,1372,17713
720575941515044089,114609,720575940636378999,left,1377,18112
720575941515116611,127688,720575940637760309,left,1382,18603
720575941515283523,124101,720575940640749520,left,1388,19630
720575941515531155,156331,720575940643618327,left,1397,20046
720575941515538275,139964,720575940602140862,left,1398,28
720575941517242734,112681,720575940612537366,left,1432,2143
720575941517267416,128647,720575940613020018,left,1433,2406
720575941518109356,124361,720575940613291749,left,1440,2524
720575941520197303,115249,720575940614296214,left,1475,2959
720575941524908825,112947,720575940614590429,left,1530,3102
720575941525980930,134898,720575940615301023,left,1535,3455
720575941527074214,128674,720575940615838770,left,1566,3721
720575941527535782,128781,720575940616008350,left,1583,3789
720575941527921284,125720,720575940619022757,left,1586,5580
720575941528136870,81721,720575940621132246,left,1596,7186
720575941528663940,126121,720575940621169228,left,1604,7217
720575941529893560,130953,720575940621852307,left,1614,7808
720575941530131896,95313,720575940621940682,left,1618,7870
720575941530199525,128423,720575940622987400,left,1619,8735
720575941531607781,138218,720575940624033515,left,1636,9623
720575941531738853,126884,720575940624380652,left,1640,9930
720575941532601475,138278,720575940627453692,left,1647,12460
720575941533915058,96661,720575940629788542,left,1668,14294
720575941534157034,117002,720575940630140491,left,1674,14567
720575941534410689,112954,720575940630151996,left,1686,14582
720575941534580250,113002,720575940631742604,left,1692,15845
720575941534782913,140293,720575940631913041,left,1695,15971
720575941534850570,132653,720575940632734637,left,1697,16537
720575941534855690,140701,720575940633548499,left,1698,16949
720575941536173066,133639,720575940633777247,left,1737,17081
720575941537933539,121979,720575940633803877,left,1778,17096
720575941537994211,134950,720575940634727834,left,1779,17470
720575941539398269,122630,720575940635163499,left,1810,17641
720575941539585149,123437,720575940636237198,left,1817,18057
720575941541848924,120804,720575940638223686,left,1842,18797
720575941543840773,129770,720575940638639924,left,1865,18939
720575941543968956,103294,720575940640231296,left,1868,19495
720575941546398825,130532,720575940642021773,left,1893,19838
720575941546756488,127642,720575940643436704,left,1907,20013
720575941547731828,129870,720575940659001473,left,1920,20908
720575941549071137,136724,720575940605398048,left,1936,306
720575941549599521,111487,720575940608246281,left,1947,850
720575941550024509,135954,720575940608535876,left,1958,923
720575941550184564,130047,720575940609043925,left,1962,1043
720575941551078911,141029,720575940611961306,left,1970,1888
720575941554073683,142970,720575940612110946,left,2026,1949
720575941554157595,132619,720575940613294632,left,2030,2527
720575941554380801,136827,720575940613295400,left,2036,2528
720575941557422372,111658,720575940613997265,left,2079,2830
720575941557468964,132917,720575940614427542,left,2080,3027
720575941557667620,132603,720575940615665458,left,2088,3632
720575941557973028,123482,720575940617132262,left,2092,4395
720575941560332845,142092,720575940619795533,left,2130,6054
720575941560351789,171834,720575940621769242,left,2131,7728
720575941560966189,139069,720575940624074829,left,2141,9656
720575941561971346,113392,720575940625655754,left,2154,10832
720575941562085522,123927,720575940626221100,left,2156,11245
720575941564275298,83583,720575940627254842,left,2198,12256
720575941564700823,124004,720575940627661640,left,2206,12620
720575941565638247,125600,720575940628282170,left,2226,13142
720575941565790262,144271,720575940628453787,left,2230,13283
720575941566206311,156563,720575940629758330,left,2236,14265
720575941568747770,136471,720575940630876111,left,2273,15187
720575941568882420,134143,720575940631401064,left,2275,15599
720575941571755016,144321,720575940634452080,left,2304,17362
720575941573938319,114088,720575940634467064,left,2335,17369
720575941575008521,125985,720575940636067191,left,2364,18008
720575941575093647,129686,720575940636601572,left,2365,18196
720575941575318280,163018,720575940637062878,left,2372,18346
720575941577573977,83677,720575940637532813,left,2394,18493
720575941579300177,130828,720575940640505552,left,2414,19575
720575941579401461,91997,720575940641271348,left,2415,19728
720575941579762257,147372,720575940644519959,left,2420,20183
720575941583614342,89899,720575940646492212,left,2442,20471
720575941583650143,88777,720575940603904496,left,2443,83
720575941585563014,94978,720575940608041923,left,2459,810
720575941586045918,138365,720575940608442379,left,2465,906
720575941586758724,133011,720575940609826884,left,2472,1208
720575941589852414,132135,720575940611832538,left,2499,1833
720575941592078632,126274,720575940612039922,left,2531,1916
720575941594568743,150964,720575940615220639,left,2573,3418
720575941594678641,106550,720575940616410129,left,2574,4005
720575941594862375,133304,720575940620035408,left,2577,6240
720575941595122981,95479,720575940620606317,left,2587,6700
720575941595579013,99081,720575940620734958,left,2599,6831
720575941597123264,131879,720575940622166908,left,2616,8072
720575941598966208,151451,720575940623311203,left,2636,9026
720575941603004406,137359,720575940623368887,left,2666,9074
720575941604078782,152330,720575940623853309,left,2680,9458
720575941605656429,139812,720575940624438542,left,2688,9977
720575941606490221,141436,720575940625939749,left,2690,11030
720575941610128813,136888,720575940626665128,left,2711,11614
720575941610499817,142126,720575940627264168,left,2717,12267
720575941610510313,134894,720575940627448122,left,2718,12456
720575941610806445,135014,720575940627471356,left,2724,12481
720575941611744614,139595,720575940627985905,left,2761,12909
720575941613173011,136132,720575940628063019,left,2784,12971
720575941613650707,156886,720575940628887375,left,2790,13613
720575941614413209,114307,720575940629176023,left,2797,13811
720575941616956885,134325,720575940629263610,left,2821,13878
720575941619138175,109344,720575940630204636,left,2829,14622
720575941624541386,158711,720575940630324035,left,2857,14722
720575941624830875,136432,720575940631779395,left,2861,15874
720575941624997531,142529,720575940632384810,left,2868,16282
720575941625191067,118338,720575940632850643,left,2882,16623
720575941625541787,150423,720575940634716058,left,2892,17463
720575941625674651,143532,720575940635913071,left,2894,17938
720575941626048923,554192,720575940638251590,left,2903,18804
720575941626464906,133333,720575940638888026,left,2918,19019
720575941627257657,91601,720575940639175989,left,2926,19129
720575941628765990,146303,720575940639476864,left,2941,19225
720575941630989765,114588,720575940639768192,left,2968,19349
720575941631705541,99343,720575940645538356,left,2978,20339
720575941638397301,103273,720575940599457990,left,3018,4
720575941639255669,116152,720575940606622082,left,3024,555
720575941639378463,147608,720575940606926722,left,3026,629
720575941639610143,99732,720575940607204530,left,3027,678
720575941639612959,154354,720575940610907204,left,3028,1516
720575941643073125,160725,720575940612081777,left,3049,1939
720575941643128933,143867,720575940613100566,left,3050,2440
720575941643170661,89125,720575940613612207,left,3051,2672
720575941644989816,118521,720575940613876370,left,3088,2784
720575941645099128,102479,720575940613975970,left,3089,2822
720575941652080149,120031,720575940616439330,left,3121,4020
720575941652140817,103642,720575940616649145,left,3123,4131
720575941652162321,136863,720575940617636609,left,3125,4740
720575941656374296,144297,720575940618097482,left,3169,5067
720575941658862416,133906,720575940619788885,left,3183,6047
720575941661502520,159060,720575940619816071,left,3199,6070
720575941668487923,121416,720575940620033872,left,3234,6238
720575941668531443,106872,720575940620075941,left,3235,6274
720575941669019825,144240,720575940620238063,left,3240,6393
720575941670382247,86645,720575940620332308,left,3251,6465
720575941679976125,90539,720575940621608993,left,3263,7575
720575941680049853,109780,720575940621752397,left,3264,7711
720575941686580748,103868,720575940622067572,left,3283,7982
720575941687270518,109551,720575940623090884,left,3285,8819
720575941688312438,122867,720575940623544712,left,3303,9229
720575941689608923,109815,720575940624746573,left,3313,10210
720575941722491194,110442,720575940627469564,left,3345,12479
720575941722847290,92823,720575940627584787,left,3347,12582
720575941730667819,111900,720575940627635972,left,3355,12607
720575941731662891,94632,720575940628237041,left,3357,13117
720575941425741396,150955,720575940626298364,left,163,11306
720575941534732042,112425,720575940629180422,left,1694,13818
720575941466800406,113745,720575940639505240,left,625,19242
720575941449938101,125455,720575940629624058,left,453,14162
720575941668888497,146136,720575940627847428,left,3238,12781
720575941508232994,113257,720575940629696727,left,1280,14222
720575941595049174,120427,720575940630764793,left,2582,15098
720575941538159765,84861,720575940645498734,left,1787,20331
720575941557669668,106191,720575940646184995,left,2089,20430
720575941571534238,126620,720575940627398675,left,2302,12409
720575941575172278,101226,720575940623499814,left,2371,9191
720575941533422273,124089,720575940638335302,left,1659,18840
720575941431917326,109127,720575940620766561,left,233,6867
720575941442999210,117152,720575940633408869,left,408,16889
720575941463746317,101253,720575940623214483,left,610,8948
720575941472273962,92811,720575940633962853,left,699,17182
720575941624282108,128364,720575940631527480,left,2852,15691
720575941478807715,134580,720575940627407887,left,795,12417
720575941550271038,141836,720575940636088462,left,1967,18017
720575941479529346,104763,720575940607583939,left,805,728
720575941541439324,133461,720575940624313068,left,1839,9866
720575941494206846,96434,720575940609068227,left,1033,1046
720575941502899947,113852,720575940615056790,left,1157,3338
720575941522636023,98042,720575940622497476,left,1503,8347
720575941632309152,148696,720575940631284439,left,2988,15523
720575941523248203,116342,720575940624436238,left,1508,9973
720575941523782475,131356,720575940632643501,left,1518,16476
720575941526342402,115629,720575940633016019,left,1542,16698
720575941545516393,131310,720575940625876226,left,1878,10977
720575941533624042,88885,720575940640183936,left,1664,19476
720575941535618842,85716,720575940610983634,left,1725,1542
720575941552554814,99055,720575940615362866,left,1991,3491
720575941554574931,144978,720575940621250403,left,2042,7284
720575941650896405,128064,720575940634999231,left,3106,17573
720575941563184530,104227,720575940622044328,left,2170,7960
720575941563318418,134207,720575940622385869,left,2173,8265
720575941568196722,105430,720575940624815079,left,2264,10258
720575941601884918,82194,720575940630532183,left,2659,14892
720575941606745453,130644,720575940632216290,left,2691,16176
720575941351040048,134735,720575940634591851,left,0,17412
720575941390655236,113568,720575940642052749,left,14,19843
720575941390989060,150339,720575940649335929,left,15,20676
720575941391740676,160096,720575940605793894,left,19,403
720575941391906052,148568,720575940607859804,left,22,769
720575941391907588,100265,720575940608400139,left,23,893
720575941392359830,95940,720575940616302292,left,26,3952
720575941392643222,113934,720575940620353518,left,28,6488
720575941392656278,122330,720575940622591220,left,30,8403
720575941392700932,124241,720575940631235343,left,31,15468
720575941392755094,114559,720575940659807361,left,32,20929
720575941400845091,114144,720575940604699120,left,44,167
720575941400856099,191375,720575940613248435,left,46,2505
720575941401071139,199209,720575940614722541,left,48,3188
720575941401391139,125618,720575940623956221,left,52,9562
720575941403677040,88406,720575940624332012,left,61,9889
720575941404013936,131413,720575940628856836,left,62,13588
720575941406224046,118893,720575940631560504,left,72,15716
720575941406581934,153053,720575940642648116,left,73,19933
720575941406616238,132679,720575940603873033,left,74,81
720575941407486511,135281,720575940607353801,left,77,707
720575941408491694,88410,720575940612985775,left,84,2387
720575941408610863,90844,720575940614708642,left,87,3175
720575941410171051,97012,720575940615247839,left,98,3433
720575941410351019,101864,720575940617185403,left,101,4427
720575941410352299,121264,720575940621828488,left,102,7794
720575941410779503,162231,720575940623280127,left,106,8998
720575941410815659,102031,720575940624434616,left,107,9971
720575941411143083,116213,720575940625672496,left,109,10844
720575941411271279,82979,720575940628029306,left,112,12945
720575941412021137,83847,720575940630306007,left,119,14707
720575941413567636,121521,720575940632682067,left,128,16506
720575941413569428,124333,720575940635544973,left,130,17807
720575941413569940,166161,720575940612945686,left,131,2366
720575941413625492,121547,720575940613056218,left,132,2420
720575941413778580,122016,720575940614332322,left,135,2981
720575941413783956,123224,720575940616238009,left,136,3929
720575941414655380,98546,720575940617211351,left,147,4453
720575941415411996,84718,720575940617396497,left,151,4579
720575941415819292,94190,720575940619631158,left,156,5923
720575941428575480,100165,720575940619929765,left,182,6155
720575941428715000,124335,720575940620714479,left,183,6812
720575941428843401,100226,720575940621745441,left,184,7704
720575941430307977,149389,720575940622283786,left,193,8172
720575941430625967,139484,720575940622693119,left,201,8490
720575941430677719,126224,720575940624292938,left,202,9850
720575941430755977,90120,720575940624677048,left,203,10151
720575941430859256,153494,720575940625686801,left,205,10851
720575941431121166,102977,720575940627087930,left,210,12028
720575941431199841,100319,720575940627090002,left,213,12034
720575941431374295,101016,720575940629503319,left,219,14064
720575941431907086,126435,720575940629872172,left,232,14363
720575941433220110,103358,720575940631088591,left,248,15345
720575941433505678,103513,720575940632823912,left,252,16606
720575941434029088,127733,720575940633529555,left,258,16941
720575941434832160,127149,720575940641178075,left,263,19710
720575941434988064,141051,720575940643520160,left,265,20030
720575941435490190,145673,720575940612271786,left,280,2021
720575941437414930,123738,720575940617301177,left,294,4511
720575941437604831,127851,720575940618198395,left,296,5123
720575941437635039,149885,720575940618366528,left,297,5230
720575941437666092,124119,720575940620690768,left,298,6787
720575941437724460,128196,720575940621377029,left,300,7386
720575941438263871,128768,720575940621915814,left,307,7855
720575941438309439,128906,720575940623153961,left,309,8887
720575941438459967,105228,720575940623936253,left,312,9542
720575941438651436,151642,720575940625210130,left,319,10537
720575941438665746,102195,720575940627923185,left,321,12856
720575941438713311,191276,720575940628618106,left,324,13419
720575941438818860,102605,720575940629847808,left,329,14342
720575941439275487,105834,720575940631628345,left,336,15759
720575941439366485,224743,720575940631637048,left,338,15766
720575941439373909,88815,720575940632534988,left,340,16393
720575941439376213,79449,720575940636906893,left,341,18304
720575941439377237,129580,720575940638601030,left,342,18923
720575941439535445,107170,720575940639544179,left,345,19264
720575941440304063,94482,720575940640625792,left,359,19603
720575941440458687,112015,720575940642467636,left,362,19898
720575941440818267,129942,720575940642945844,left,367,19972
720575941440949967,153826,720575940643532704,left,371,20034
720575941440952015,106389,720575940646506019,left,372,20474
720575941440957391,108900,720575940603714652,left,373,70
720575941440961231,131768,720575940605353905,left,374,294
720575941441221211,90566,720575940606835074,left,376,613
720575941441356479,132565,720575940611466389,left,381,1694
720575941442653098,106409,720575940615228482,left,407,3423
720575941445097898,133616,720575940619367872,left,414,5785
720575941446853908,91814,720575940621124980,left,418,7176
720575941446986004,128592,720575940621749492,left,419,7708
720575941447099412,155367,720575940621949022,left,420,7881
720575941447732756,131737,720575940622298637,left,423,8183
720575941448140622,92114,720575940623571383,left,430,9247
720575941448890461,108948,720575940623812622,left,435,9432
720575941449373262,130042,720575940626565852,left,439,11534
720575941449600334,93454,720575940627139410,left,444,12099
720575941449806926,161764,720575940627231498,left,449,12223
720575941450060469,93720,720575940627372565,left,462,12388
720575941450125390,125102,720575940627518468,left,463,12532
720575941450834810,87424,720575940627757800,left,481,12702
720575941450955854,94296,720575940629720311,left,483,14240
720575941451082830,136081,720575940629820790,left,486,14317
720575941451644794,130541,720575940629933762,left,490,14414
720575941451650119,88922,720575940631241002,left,492,15472
720575941452424775,131380,720575940633454305,left,502,16911
720575941453769779,124938,720575940635109983,left,511,17618
720575941454033971,137639,720575940635981167,left,513,17972
720575941454554163,94329,720575940637557481,left,516,18511
720575941454581043,94573,720575940639203300,left,518,19137
720575941455615213,109589,720575940607047810,left,523,653
720575941455942893,94975,720575940609360323,left,525,1109
720575941457120415,109598,720575940610582392,left,534,1404
720575941457748976,138868,720575940612740501,left,537,2260
720575941457821680,139033,720575940615160991,left,538,3387
720575941458003615,109843,720575940615803954,left,539,3709
720575941458218655,139979,720575940616493115,left,540,4047
720575941458955846,95604,720575940616872331,left,547,4239
720575941460124486,95811,720575940616929595,left,567,4281
720575941460284115,110252,720575940620295105,left,571,6429
720575941460287443,90900,720575940621106368,left,572,7152
720575941460328592,132184,720575940621449686,left,573,7443
720575941461250259,94567,720575940622620705,left,581,8422
720575941461459856,151600,720575940623164307,left,587,8892
720575941461460368,157885,720575940623353226,left,588,9061
720575941461460880,96565,720575940624631224,left,589,10120
720575941461683600,96884,720575940624675512,left,594,10149
720575941462103696,93455,720575940624883495,left,603,10306
720575941465670230,110386,720575940625968228,left,616,11059
720575941465801046,132532,720575940626736808,left,618,11674
720575941466577942,110799,720575940627254532,left,621,12255
720575941466605142,94886,720575940627378965,left,622,12392
720575941466804246,154667,720575940628090353,left,626,12998
720575941466844694,111588,720575940629082684,left,628,13737
720575941466956630,94668,720575940629473324,left,629,14027
720575941469103581,112241,720575940629856556,left,646,14349
720575941469132555,131847,720575940630588367,left,647,14942
720575941469412829,90018,720575940631164316,left,649,15414
720575941469787456,96265,720575940631755746,left,650,15854
720575941469901533,96534,720575940635237044,left,651,17686
720575941470378103,167568,720575940636017527,left,659,17987
720575941470410507,111931,720575940638137140,left,660,18758
720575941470557195,122910,720575940639564147,left,661,19274
720575941470563851,193779,720575940640595252,left,663,19600
720575941470609472,547912,720575940641634612,left,664,19797
720575941471045696,77484,720575940645426286,left,671,20320
720575941471063872,125603,720575940649361785,left,672,20678
720575941471362679,110182,720575940600124169,left,677,14
720575941471860064,130986,720575940605334886,left,691,290
720575941472668000,94684,720575940610865614,left,702,1499
720575941472780640,89262,720575940612696728,left,704,2237
720575941472902698,97393,720575940615171467,left,705,3391
720575941472919904,91955,720575940616740027,left,706,4174
720575941472920672,140549,720575940616904889,left,707,4262
720575941473014112,136599,720575940618502841,left,709,5311
720575941473619498,133312,720575940618962136,left,712,5552
720575941473887018,99137,720575940619087307,left,713,5625
720575941474202410,99213,720575940620274566,left,714,6416
720575941474288426,136330,720575940620766817,left,715,6868
720575941474755131,94983,720575940621399284,left,720,7405
720575941474788657,100302,720575940623010345,left,721,8756
720575941476123441,103985,720575940623245706,left,733,8968
720575941476126257,92507,720575940623289162,left,735,9007
720575941476126769,104247,720575940623970231,left,736,9572
720575941476204574,104567,720575940624565006,left,738,10071
720575941476229681,100897,720575940625126635,left,740,10493
720575941476474218,93960,720575940626740404,left,743,11679
720575941476666177,111979,720575940626946300,left,746,11868
720575941476707380,105677,720575940630420730,left,747,14804
720575941476866113,133602,720575940630645356,left,751,14990
720575941476980532,102421,720575940630700684,left,753,15037
720575941477094209,112283,720575940630766610,left,754,15100
720575941477146673,105698,720575940631378986,left,756,15588
720575941477321578,112298,720575940631716781,left,765,15824
720575941477655402,161524,720575940631872569,left,775,15927
720575941478376042,111323,720575940634600287,left,787,17415
720575941478678122,114856,720575940637463262,left,794,18467
720575941479145696,104519,720575940638581080,left,797,18915
720575941479489154,95243,720575940639771008,left,804,19351
720575941479755394,95435,720575940609195971,left,807,1064
720575941479974083,104899,720575940609810013,left,811,1205
720575941480139906,134058,720575940612105690,left,814,1947
720575941480198223,162331,720575940612669849,left,817,2222
720575941480244387,95528,720575940612695830,left,819,2236
720575941480357199,114899,720575940612907672,left,821,2338
720575941480435107,115487,720575940613037037,left,824,2414
720575941480971171,116217,720575940613718824,left,839,2727
720575941481032611,116229,720575940616643618,left,843,4128
720575941481061571,136375,720575940620127041,left,844,6313
720575941481579459,137408,720575940620864877,left,853,6931
720575941481601219,95666,720575940621676817,left,854,7636
720575941481728186,97415,720575940623153546,left,856,8886
720575941481864134,97079,720575940624439015,left,857,9978
720575941482107834,98246,720575940625641418,left,859,10815
720575941482492346,98039,720575940626427544,left,868,11413
720575941482623162,98235,720575940627323157,left,871,12339
720575941482634938,148318,720575940628110332,left,874,13018
720575941482668797,107567,720575940630343030,left,876,14743
720575941482840317,134287,720575940631829644,left,877,15901
720575941482842298,117096,720575940635675767,left,878,17852
720575941482909949,108876,720575940636419502,left,879,18124
720575941482981373,115214,720575940637406180,left,882,18448
720575941482985469,99135,720575940637934682,left,883,18677
720575941483012294,145423,720575940640721141,left,885,19625
720575941485363266,142979,720575940599459782,left,916,5
720575941485577990,117156,720575940608278537,left,920,858
720575941485639309,103654,720575940610056654,left,922,1270
720575941485704454,146032,720575940612651030,left,925,2214
720575941486078349,121883,720575940615142047,left,933,3379
720575941486201094,124127,720575940615239285,left,936,3431
720575941486372418,105995,720575940616303774,left,937,3954
720575941486704013,100425,720575940616614978,left,947,4114
720575941486808016,134476,720575940616989243,left,949,4318
720575941486821328,140763,720575940617234132,left,951,4468
720575941486961872,165531,720575940617303014,left,953,4513
720575941486978000,102273,720575940620637935,left,955,6739
720575941487147728,131416,720575940621944712,left,957,7874
720575941488194869,102418,720575940622135208,left,963,8048
720575941488591305,100428,720575940622555094,left,964,8373
720575941489126453,103313,720575940622684429,left,966,8480
720575941489151438,146578,720575940622776200,left,967,8560
720575941489489973,105170,720575940623100906,left,969,8827
720575941489498677,102182,720575940625558160,left,970,10776
720575941489685813,105862,720575940626397778,left,971,11389
720575941490063157,151364,720575940626553177,left,975,11522
720575941490438860,105905,720575940628083530,left,978,12992
720575941490442188,102383,720575940628523207,left,979,13329
720575941490450124,104081,720575940629380222,left,980,13957
720575941490451404,105553,720575940629424758,left,981,13991
720575941490608359,147627,720575940630706169,left,986,15043
720575941490616777,154018,720575940630941714,left,987,15237
720575941490649550,115714,720575940631167535,left,990,15417
720575941490658023,163245,720575940632112211,left,992,16112
720575941490888935,125234,720575940632807085,left,998,16588
720575941490901452,99166,720575940634215836,left,999,17280
720575941491033292,106608,720575940635252109,left,1000,17693
720575941491039463,94089,720575940636240997,left,1001,18058
720575941491202510,126063,720575940636384398,left,1004,18115
720575941491412942,96972,720575940637676777,left,1009,18564
720575941492114352,118145,720575940641180123,left,1020,19711
720575941493146494,108924,720575940654910113,left,1027,20848
720575941494019710,107833,720575940612125170,left,1032,1955
720575941494223486,126614,720575940612249442,left,1034,2008
720575941494430080,105757,720575940613601426,left,1035,2661
720575941494460032,109916,720575940613804083,left,1036,2760
720575941494739399,114450,720575940614473622,left,1039,3047
720575941494799488,143174,720575940617174758,left,1040,4420
720575941495221374,106164,720575940620090544,left,1048,6283
720575941495772800,119079,720575940620198127,left,1056,6369
720575941496026235,107874,720575940620387137,left,1059,6515
720575941496131783,128259,720575940620680277,left,1062,6780
720575941496449920,82576,720575940621183508,left,1067,7232
720575941497143202,86578,720575940621188161,left,1077,7236
720575941497229435,100482,720575940621271974,left,1078,7298
720575941497540937,124125,720575940621412852,left,1080,7414
720575941497776713,79796,720575940622380554,left,1082,8261
720575941497788322,87106,720575940623725803,left,1083,9378
720575941497951650,111581,720575940625233552,left,1085,10550
720575941497976905,87873,720575940625883454,left,1086,10987
720575941498046177,104700,720575940625923203,left,1087,11013
720575941498088059,111918,720575940627010685,left,1090,11940
720575941498195681,107964,720575940627399445,left,1092,12411
720575941498298849,100731,720575940627842792,left,1094,12777
720575941498627657,156321,720575940627887356,left,1099,12824
720575941499038114,100799,720575940627887888,left,1107,12825
720575941499412386,106069,720575940628402682,left,1115,13241
720575941499430473,87994,720575940630382966,left,1117,14780
720575941500085131,111919,720575940631260175,left,1121,15496
720575941501130635,101187,720575940632009007,left,1124,16034
720575941501327243,95629,720575940632025036,left,1126,16048
720575941501388779,120505,720575940632593735,left,1128,16440
720575941502020802,108832,720575940632760933,left,1132,16558
720575941502256834,119243,720575940634034457,left,1139,17217
720575941502607298,107211,720575940635430904,left,1144,17765
720575941502634434,90975,720575940640475856,left,1147,19565
720575941502857451,109244,720575940643466912,left,1155,20015
720575941502899543,109912,720575940643754952,left,1156,20071
720575941503095019,109569,720575940650521209,left,1162,20725
720575941503706818,80906,720575940608492299,left,1171,912
720575941503740866,110183,720575940611173474,left,1174,1606
720575941503921970,119288,720575940613312423,left,1182,2535
720575941504164802,92593,720575940613406114,left,1187,2570
720575941504221490,110232,720575940614971550,left,1188,3299
720575941504223426,93877,720575940615097962,left,1189,3355
720575941504267173,142621,720575940615363295,left,1190,3493
720575941504788037,110245,720575940615782962,left,1202,3698
720575941504821669,131426,720575940616249461,left,1203,3933
720575941505053756,135680,720575940618827318,left,1207,5491
720575941505473340,120533,720575940619367838,left,1211,5784
720575941505950629,122447,720575940619869051,left,1216,6112
720575941506086167,108325,720575940620910171,left,1218,6978
720575941506106647,121524,720575940622479228,left,1222,8338
720575941506226210,123087,720575940623036618,left,1228,8777
720575941506382359,95556,720575940623460292,left,1233,9157
720575941506395973,110378,720575940624722731,left,1234,10190
720575941506467934,109225,720575940624740091,left,1237,10202
720575941507020823,83545,720575940624939865,left,1247,10347
720575941507196510,96044,720575940625171533,left,1250,10520
720575941507387682,109431,720575940626435459,left,1254,11422
720575941507490910,102765,720575940627108874,left,1259,12063
720575941507582849,122515,720575940627193481,left,1265,12187
720575941507592321,110661,720575940627212618,left,1266,12204
720575941507707742,105386,720575940627375106,left,1270,12389
720575941508189313,105531,720575940628006897,left,1279,12930
720575941508405264,110203,720575940628742148,left,1284,13499
720575941508427536,110314,720575940628920219,left,1285,13636
720575941508459358,112222,720575940629851514,left,1287,14346
720575941508462686,84776,720575940632111311,left,1288,16111
720575941508889554,109572,720575940632114191,left,1303,16115
720575941509234386,175660,720575940633641186,left,1305,16995
720575941509708048,110096,720575940634922906,left,1306,17549
720575941510149904,124519,720575940635951471,left,1308,17958
720575941511835212,112416,720575940636348011,left,1326,18098
720575941512877265,110002,720575940639501621,left,1330,19238
720575941512885324,110454,720575940639508387,left,1331,19245
720575941512896076,127995,720575940641485709,left,1332,19768
720575941513080140,110609,720575940642007949,left,1337,19835
720575941513429763,98461,720575940644164718,left,1344,20130
720575941513657955,111368,720575940644397092,left,1347,20164
720575941513675875,128456,720575940660312449,left,1348,20954
720575941513763537,87479,720575940609351516,left,1349,1104
720575941514184515,111455,720575940609798386,left,1362,1199
720575941514187331,114669,720575940611773906,left,1363,1813
720575941514725779,140269,720575940612235586,left,1369,1995
720575941514807395,128984,720575940612896682,left,1371,2332
720575941514946819,112034,720575940613342873,left,1375,2541
720575941515046905,131361,720575940614303143,left,1378,2964
720575941515056474,110401,720575940614328978,left,1379,2978
720575941515217242,111180,720575940616122674,left,1386,3841
720575941515255386,130663,720575940616575062,left,1387,4089
720575941515372025,137286,720575940616686225,left,1390,4152
720575941515451459,83713,720575940617251001,left,1392,4479
720575941515525219,111294,720575940617904541,left,1396,4931
720575941515564537,99897,720575940618818462,left,1399,5488
720575941515580409,115369,720575940618984315,left,1400,5559
720575941515732227,111401,720575940619060673,left,1403,5604
720575941517853356,112630,720575940619211480,left,1436,5702
720575941517855404,115511,720575940619988359,left,1437,6195
720575941518001368,138409,720575940620336475,left,1438,6473
720575941518048428,116434,720575940620611866,left,1439,6709
720575941518398318,116691,720575940621023926,left,1445,7089
720575941518430636,107835,720575940621185151,left,1447,7235
720575941519084211,114854,720575940621636173,left,1456,7598
720575941519356270,100396,720575940621817584,left,1462,7782
720575941519401944,108097,720575940622107312,left,1463,8018
720575941520212151,112724,720575940622409875,left,1476,8287
720575941520216247,116946,720575940623096004,left,1477,8824
720575941520663287,113048,720575940623640600,left,1482,9303
720575941520670455,112179,720575940623830857,left,1483,9449
720575941520884659,115954,720575940624500151,left,1485,10021
720575941521019575,116290,720575940625467011,left,1487,10704
720575941522799607,114936,720575940625654759,left,1505,10830
720575941523351371,112784,720575940626381356,left,1515,11376
720575941524423755,117267,720575940626511557,left,1523,11493
720575941524752484,116681,720575940627254020,left,1528,12252
720575941525909325,142071,720575940627901258,left,1532,12833
720575941525981186,117320,720575940628097768,left,1536,13004
720575941526058573,117586,720575940628621047,left,1537,13422
720575941526393625,117835,720575940629730268,left,1544,14244
720575941526458649,100406,720575940629771308,left,1546,14282
720575941526881380,145922,720575940629892663,left,1551,14382
720575941527272358,118026,720575940632532536,left,1579,16392
720575941528106884,116685,720575940632826797,left,1589,16610
720575941528108932,119170,720575940632903085,left,1590,16650
720575941528110980,96676,720575940637625434,left,1591,18538
720575941528111748,146390,720575940637942837,left,1592,18680
720575941528122244,146976,720575940638331974,left,1594,18838
720575941528408708,164516,720575940638375494,left,1600,18854
720575941528511876,100442,720575940639396003,left,1601,19189
720575941528702136,94934,720575940640913037,left,1606,19670
720575941529431992,115769,720575940643507104,left,1612,20021
720575941530240997,113307,720575940643696676,left,1620,20058
720575941530375883,117151,720575940644596260,left,1621,20191
720575941530376651,99138,720575940646527028,left,1622,20476
720575941531051723,99661,720575940646792739,left,1626,20517
720575941531254147,113915,720575940647564932,left,1627,20590
720575941531481547,525840,720575940653694881,left,1632,20817
720575941531555557,117282,720575940601672201,left,1635,24
720575941531609061,117899,720575940605034161,left,1637,233
720575941531609829,113572,720575940608650507,left,1638,939
720575941531794405,114123,720575940609274819,left,1642,1088
720575941532493699,119664,720575940609293660,left,1644,1089
720575941533114290,118258,720575940611761521,left,1656,1807
720575941533256323,130043,720575940612255641,left,1657,2014
720575941533627826,98887,720575940614672786,left,1665,3149
720575941533956786,118994,720575940614722198,left,1669,3187
720575941534104242,101206,720575940615230523,left,1671,3425
720575941534108850,120606,720575940615280962,left,1672,3449
720575941534161386,120081,720575940615490450,left,1675,3557
720575941534164658,123010,720575940616503553,left,1676,4053
720575941534296242,124102,720575940617212987,left,1684,4454
720575941534317802,123922,720575940617391249,left,1685,4577
720575941534527770,118260,720575940617516729,left,1689,4665
720575941535230698,115673,720575940617783809,left,1708,4844
720575941535523777,91002,720575940618082077,left,1717,5049
720575941535561192,125468,720575940618481733,left,1719,5296
720575941535573953,127068,720575940618549061,left,1720,5343
720575941535596314,131366,720575940619466772,left,1722,5844
720575941535608090,115759,720575940619839821,left,1723,6083
720575941535609354,126419,720575940621336173,left,1724,7340
720575941535753955,102409,720575940621690100,left,1726,7653
720575941535839425,120566,720575940622104745,left,1727,8013
720575941536107969,123405,720575940622111058,left,1732,8023
720575941536669416,121053,720575940622268748,left,1747,8159
720575941536722659,134925,720575940622361098,left,1749,8232
720575941536746211,121592,720575940622877453,left,1750,8634
720575941537013219,102555,720575940622929688,left,1754,8674
720575941537070997,123759,720575940623866153,left,1757,9475
720575941537294051,119603,720575940624051348,left,1760,9639
720575941537308392,104447,720575940624167143,left,1761,9738
720575941538104050,127706,720575940624203534,left,1783,9775
720575941538109170,80142,720575940624226795,left,1784,9792
720575941538113778,107159,720575940624487954,left,1785,10014
720575941538114290,92047,720575940624630252,left,1786,10119
720575941538161301,137418,720575940625889155,left,1788,10990
720575941538349693,139969,720575940625959780,left,1791,11053
720575941538642930,127053,720575940626345772,left,1796,11343
720575941539393405,127999,720575940626557839,left,1809,11527
720575941539400573,128079,720575940626676057,left,1811,11623
720575941539436749,133251,720575940626791293,left,1812,11715
720575941539895757,134293,720575940627369237,left,1825,12384
720575941539900285,92266,720575940627685419,left,1826,12642
720575941541548124,115964,720575940627807877,left,1841,12748
720575941541939485,101721,720575940627814163,left,1845,12753
720575941542134045,117911,720575940628029202,left,1847,12944
720575941542710557,107044,720575940628456091,left,1854,13290
720575941542787333,110804,720575940628574658,left,1855,13376
720575941542798877,124338,720575940628688745,left,1856,13465
720575941543606789,151822,720575940629318351,left,1862,13915
720575941543622917,118018,720575940629546959,left,1863,14117
720575941545072389,128396,720575940630906130,left,1873,15213
720575941545509052,119611,720575940630996754,left,1877,15284
720575941545884521,118797,720575940631251543,left,1886,15486
720575941546334132,121124,720575940631697000,left,1890,15812
720575941546385513,93923,720575940632433000,left,1892,16331
720575941546438068,117889,720575940632623943,left,1894,16462
720575941546762376,87656,720575940635187557,left,1908,17656
720575941546847924,127273,720575940637539806,left,1909,18501
720575941546885556,120621,720575940637728858,left,1910,18587
720575941547375752,94468,720575940638016831,left,1915,18710
720575941547378977,117902,720575940639210062,left,1916,19140
720575941547830664,123300,720575940639665469,left,1922,19321
720575941547911304,138340,720575940640122240,left,1923,19458
720575941548854644,95710,720575940640500276,left,1932,19571
720575941549074804,88915,720575940641400795,left,1937,19751
720575941549212221,128323,720575940641672333,left,1940,19813
720575941549918836,95541,720575940643671456,left,1952,20050
720575941549928052,132315,720575940646797347,left,1954,20520
720575941550190142,111065,720575940659599233,left,1963,20919
720575941550612991,139658,720575940608350731,left,1969,876
720575941551427207,97320,720575940612072677,left,1974,1937
720575941551637054,140273,720575940615215170,left,1977,3412
720575941552062782,149033,720575940615332246,left,1983,3474
720575941552231230,123368,720575940615630934,left,1989,3622
720575941552912794,121172,720575940617991764,left,1999,4983
720575941553097243,109035,720575940618143261,left,2005,5093
720575941553282970,134184,720575940618925947,left,2011,5534
720575941553512531,149457,720575940619062693,left,2016,5607
720575941553664539,129478,720575940619171604,left,2020,5681
720575941553717383,119050,720575940619528784,left,2022,5870
720575941554084353,98738,720575940619670101,left,2028,5943
720575941554276609,99561,720575940619868795,left,2032,6111
720575941554280449,111983,720575940619925696,left,2033,6150
720575941554292225,121420,720575940620922748,left,2034,6994
720575941554566995,101033,720575940621605997,left,2041,7571
720575941554706259,125993,720575940621766365,left,2044,7726
720575941554991443,128218,720575940621776664,left,2048,7734
720575941555292644,135631,720575940621798945,left,2050,7763
720575941555830500,103236,720575940621945880,left,2055,7875
720575941555970899,110244,720575940622251945,left,2057,8145
720575941556151588,137186,720575940622780296,left,2059,8566
720575941557186340,137735,720575940622943314,left,2074,8690
720575941557394724,89901,720575940623070051,left,2077,8802
720575941557401636,121519,720575940623191757,left,2078,8925
720575941557545892,92719,720575940623278630,left,2084,8996
720575941557552420,124382,720575940623813316,left,2085,9433
720575941557655823,150308,720575940623897066,left,2087,9502
720575941558015012,112710,720575940623986439,left,2093,9580
720575941558873971,130465,720575940624103861,left,2099,9680
720575941558957294,134215,720575940624172220,left,2100,9744
720575941559191055,103365,720575940624280906,left,2104,9843
720575941559303918,128272,720575940624623288,left,2105,10114
720575941559364979,135288,720575940624858126,left,2108,10288
720575941559567987,85429,720575940625926448,left,2109,11018
720575941559598607,125042,720575940625929872,left,2110,11023
720575941560020462,157993,720575940626282371,left,2117,11295
720575941560026639,110433,720575940626424005,left,2118,11408
720575941560082447,112801,720575940626835545,left,2121,11758
720575941560088691,145931,720575940626922754,left,2122,11841
720575941560493101,159556,720575940627147308,left,2133,12107
720575941560923949,125359,720575940627397507,left,2139,12408
720575941560980269,142785,720575940627945724,left,2142,12872
720575941561179816,157978,720575940628275817,left,2144,13137
720575941561291565,158373,720575940628324346,left,2146,13174
720575941562698408,83462,720575940628347774,left,2162,13190
720575941562799104,88140,720575940628781315,left,2163,13529
720575941562868834,90077,720575940628917147,left,2164,13633
720575941563087111,113098,720575940629612158,left,2167,14154
720575941563183623,113463,720575940629905255,left,2169,14395
720575941563364754,129212,720575940629989635,left,2176,14465
720575941563422098,91288,720575940630320087,left,2177,14718
720575941563426194,103812,720575940630484311,left,2180,14866
720575941563450002,87583,720575940631107359,left,2181,15370
720575941563609344,125569,720575940631116847,left,2188,15382
720575941563615232,88095,720575940631295483,left,2189,15531
720575941564108800,91597,720575940631310351,left,2193,15542
720575941564110087,113598,720575940631696441,left,2194,15811
720575941564371463,88266,720575940632091812,left,2200,16098
720575941565173814,88377,720575940632541838,left,2214,16398
720575941565192758,90171,720575940632632365,left,2216,16469
720575941565362274,100787,720575940632675117,left,2220,16502
720575941565497447,115583,720575940632712275,left,2224,16521
720575941565768246,135685,720575940634123219,left,2229,17242
720575941566144814,92229,720575940634874815,left,2235,17527
720575941567195130,155396,720575940635503758,left,2255,17789
720575941567236142,105841,720575940635920820,left,2256,17942
720575941567950638,91845,720575940636375182,left,2263,18109
720575941568401710,89251,720575940638132058,left,2268,18754
720575941568409390,134011,720575940639049038,left,2269,19078
720575941568521330,128005,720575940639067470,left,2272,19085
720575941568870900,136556,720575940639916789,left,2274,19395
720575941568987636,112052,720575940640753104,left,2279,19632
720575941569076980,137082,720575940641577101,left,2280,19786
720575941569251954,137608,720575940642057357,left,2283,19844
720575941570154996,139733,720575940642665101,left,2299,19936
720575941571538846,91392,720575940642763680,left,2303,19947
720575941572046088,116874,720575940643533728,left,2306,20035
720575941572078494,130636,720575940645277207,left,2307,20303
720575941572358921,130882,720575940647437108,left,2308,20578
720575941573510395,539983,720575940604511776,left,2321,136
720575941573693341,83185,720575940604811692,left,2326,184
720575941573717405,134327,720575940604902921,left,2327,208
720575941573814281,134897,720575940605413385,left,2330,311
720575941573840392,147187,720575940607194290,left,2334,673
720575941574248200,107105,720575940608983235,left,2341,1025
720575941574326429,107922,720575940610445922,left,2344,1368
720575941575117672,87504,720575940613288499,left,2366,2519
720575941575125430,92740,720575940614109892,left,2368,2868
720575941575333558,93499,720575940614299047,left,2373,2960
720575941575571087,116978,720575940615223199,left,2377,3422
720575941575852136,135101,720575940615329951,left,2381,3473
720575941577571417,96638,720575940615686486,left,2393,3645
720575941577940569,96959,720575940617092957,left,2395,4376
720575941578410073,136549,720575940617145361,left,2397,4405
720575941578621173,148248,720575940617657205,left,2399,4760
720575941578760017,97731,720575940618287064,left,2404,5192
720575941578771281,137820,720575940619565003,left,2405,5886
720575941578771537,145628,720575940620136613,left,2406,6324
720575941578778961,107923,720575940620369323,left,2407,6502
720575941580585337,150467,720575940620519173,left,2433,6626
720575941581388153,118042,720575940620623469,left,2437,6722
720575941582097247,157366,720575940620810406,left,2441,6898
720575941583947230,95270,720575940621776645,left,2445,7733
720575941585435358,99423,720575940622077052,left,2453,7986
720575941585447646,99869,720575940622199105,left,2454,8093
720575941585532126,108683,720575940622320861,left,2457,8203
720575941585622750,117799,720575940622413055,left,2460,8293
720575941586943812,151923,720575940622420189,left,2474,8297
720575941587981111,166131,720575940623069208,left,2476,8801
720575941588105284,99982,720575940623869769,left,2477,9479
720575941588107588,118751,720575940624432615,left,2478,9969
720575941588234820,108970,720575940624564016,left,2481,10069
720575941588609860,99492,720575940625085671,left,2483,10465
720575941588906380,89092,720575940625257805,left,2486,10558
720575941588912708,122079,720575940625769418,left,2487,10898
720575941589513470,179316,720575940626122780,left,2497,11181
720575941589513982,101013,720575940626502756,left,2498,11481
720575941591011947,158494,720575940626662686,left,2519,11612
720575941591943464,98409,720575940627021612,left,2529,11950
720575941592450856,89298,720575940627112748,left,2534,12071
720575941592560491,94432,720575940627116042,left,2536,12075
720575941592686187,102872,720575940628126449,left,2537,13031
720575941592876327,124923,720575940628608003,left,2539,13413
720575941593157227,90707,720575940628712448,left,2545,13480
720575941593656939,118992,720575940629243191,left,2555,13861
720575941593749361,90952,720575940629435497,left,2557,14004
720575941593991894,96845,720575940629558906,left,2558,14123
720575941594125526,109831,720575940630142521,left,2560,14571
720575941594183207,100680,720575940630342907,left,2562,14742
720575941594287143,109097,720575940630400374,left,2564,14791
720575941594359847,100981,720575940631138322,left,2566,15394
720575941594521125,102295,720575940631346892,left,2569,15568
720575941594551079,103440,720575940631888524,left,2571,15942
720575941594567207,111867,720575940632168612,left,2572,16144
720575941594916721,103038,720575940632540620,left,2578,16397
720575941595062897,109617,720575940632613262,left,2583,16455
720575941595095153,101857,720575940633303648,left,2585,16834
720575941595136881,102714,720575940633597285,left,2589,16974
720575941595370023,103706,720575940633664281,left,2593,17020
720575941595380101,112027,720575940634086295,left,2594,17229
720575941595384453,112333,720575940635391480,left,2595,17754
720575941595489649,120011,720575940636141943,left,2597,18034
720575941595591557,109649,720575940636270181,left,2600,18069
720575941595820933,112344,720575940637242286,left,2603,18393
720575941597551552,103955,720575940637741402,left,2617,18592
720575941597606044,97359,720575940637863401,left,2618,18657
720575941597943452,104689,720575940638050788,left,2620,18725
720575941598634793,106992,720575940638638820,left,2631,18938
720575941598703772,107082,720575940638872765,left,2632,19013
720575941598789929,101707,720575940639681341,left,2634,19322
720575941599418665,104999,720575940639952000,left,2642,19406
720575941599805481,112744,720575940639963224,left,2644,19409
720575941600158505,118158,720575940641276891,left,2647,19731
720575941600811049,90938,720575940644146030,left,2652,20128
720575941601790454,105165,720575940646818868,left,2656,20522
720575941601794038,106201,720575940602497726,left,2657,31
720575941601824502,107132,720575940604946720,left,2658,213
720575941602482422,106027,720575940605444966,left,2662,316
720575941603229630,107442,720575940608954307,left,2672,1017
720575941603427513,97559,720575940610397486,left,2674,1349
720575941603588086,546260,720575940610814682,left,2676,1490
720575941603873214,91804,720575940610876258,left,2677,1502
720575941604202686,121020,720575940612082090,left,2682,1940
720575941606452333,106093,720575940612221669,left,2689,1989
720575941606752365,109001,720575940612561381,left,2692,2167
720575941607242605,118513,720575940613756778,left,2694,2742
720575941607410541,113750,720575940613928676,left,2695,2806
720575941607540845,113781,720575940614687026,left,2696,3159
720575941609321961,142172,720575940614704290,left,2706,3171
720575941609994214,113813,720575940614822621,left,2709,3235
720575941610108333,106664,720575940616224414,left,2710,3916
720575941610148269,145600,720575940616369013,left,2712,3980
720575941610187850,108223,720575940617378833,left,2713,4572
720575941610188106,91914,720575940617721172,left,2714,4799
720575941610604521,118752,720575940617771803,left,2721,4838
720575941610869734,110348,720575940618008645,left,2725,4992
720575941610973357,122637,720575940618096411,left,2727,5066
720575941610974438,92911,720575940618270877,left,2729,5174
720575941610976685,119398,720575940618985432,left,2730,5562
720575941611044585,109424,720575940619233585,left,2733,5717
720575941611048294,114743,720575940619332312,left,2734,5763
720575941611075245,108904,720575940620556225,left,2735,6654
720575941611158246,99748,720575940620671367,left,2738,6769
720575941611160294,96151,720575940620980390,left,2739,7048
720575941611221350,123863,720575940621050608,left,2742,7113
720575941611400668,109134,720575940621344169,left,2752,7348
720575941612115373,91469,720575940621631690,left,2768,7595
720575941612272230,119996,720575940622028528,left,2772,7938
720575941612398044,93364,720575940622030106,left,2774,7943
720575941612404700,110762,720575940622086614,left,2775,7999
720575941612645340,124332,720575940622218620,left,2778,8116
720575941612703708,100620,720575940623002893,left,2779,8751
720575941612911324,114255,720575940623021897,left,2781,8764
720575941613411737,118110,720575940623116582,left,2785,8836
720575941613592595,110711,720575940623166669,left,2788,8896
720575941613651932,114595,720575940623442824,left,2791,9139
720575941614221721,115844,720575940624377096,left,2796,9925
720575941614560531,153298,720575940624669621,left,2802,10145
720575941614802329,106922,720575940625006855,left,2806,10398
720575941615034581,94147,720575940625052659,left,2809,10443
720575941615266005,120550,720575940626010652,left,2811,11094
720575941616953301,111279,720575940626220588,left,2820,11244
720575941617908095,124468,720575940626505226,left,2827,11483
720575941618944895,107117,720575940627024069,left,2828,11953
720575941619267199,118854,720575940627062291,left,2830,12000
720575941619324543,108346,720575940627259155,left,2831,12262
720575941620065407,110979,720575940627464220,left,2836,12474
720575941623523227,111755,720575940628694121,left,2841,13470
720575941623539355,110938,720575940629048394,left,2842,13716
720575941623921404,94224,720575940629254594,left,2846,13870
720575941624230794,111639,720575940629880108,left,2849,14369
720575941624253322,115402,720575940630268780,left,2850,14675
720575941624267402,113082,720575940630390142,left,2851,14787
720575941624972699,165973,720575940630437228,left,2862,14821
720575941624981147,113159,720575940630465910,left,2864,14853
720575941624994459,113420,720575940631025995,left,2865,15310
720575941624995995,105718,720575940631091730,left,2866,15349
720575941624997275,124867,720575940632068623,left,2867,16080
720575941625002139,102128,720575940632483532,left,2869,16360
720575941625002651,116716,720575940632799059,left,2870,16580
720575941625005467,115440,720575940633243949,left,2871,16803
720575941625015963,111304,720575940633643490,left,2872,16999
720575941625018732,116999,720575940633981921,left,2873,17194
720575941625095050,94564,720575940634346391,left,2874,17326
720575941625099419,125263,720575940634404322,left,2875,17343
720575941625172635,115855,720575940635446264,left,2881,17767
720575941625498267,119651,720575940636936282,left,2890,18314
720575941625726828,125498,720575940638007642,left,2895,18706
720575941625888138,113139,720575940638125646,left,2897,18752
720575941626202267,103527,720575940638396724,left,2909,18864
720575941626344300,102220,720575940639584317,left,2915,19289
720575941626527370,92254,720575940639743310,left,2922,19339
720575941627618617,95235,720575940639754830,left,2928,19343
720575941627653689,117962,720575940640152448,left,2929,19470
720575941627690278,113926,720575940641389275,left,2930,19747
720575941628651046,120147,720575940646051460,left,2940,20409
720575941629497580,118140,720575940646496547,left,2943,20472
720575941629690662,114306,720575940649760889,left,2944,20691
720575941629765356,126077,720575940604412896,left,2945,119
720575941629924578,118835,720575940607784405,left,2947,754
720575941630160610,121587,720575940608708309,left,2955,959
720575941630236130,121943,720575940609341141,left,2957,1098
720575941630390498,119305,720575940609898308,left,2958,1227
720575941630412514,92412,720575940610345426,left,2959,1330
720575941630644194,103956,720575940612621999,left,2962,2200
720575941630660578,111550,720575940613292595,left,2963,2525
720575941630935712,125101,720575940613534870,left,2966,2632
720575941630940652,122263,720575940614036452,left,2967,2844
720575941631089388,95677,720575940614557708,left,2971,3085
720575941631166917,119409,720575940614829718,left,2972,3237
720575941631375547,129426,720575940615918348,left,2976,3745
720575941632038341,119911,720575940616594037,left,2980,4102
720575941632125893,125581,720575940617874781,left,2983,4920
720575941632202693,123799,720575940618381981,left,2985,5246
720575941632251589,104337,720575940618700504,left,2986,5421
720575941632352748,126522,720575940619181739,left,2989,5685
720575941632563397,123850,720575940620887535,left,2993,6953
720575941632692128,126027,720575940621048240,left,2994,7110
720575941632713632,114473,720575940621454256,left,2995,7447
720575941632730784,129941,720575940621571149,left,2996,7541
720575941632733115,115929,720575940622930505,left,2997,8677
720575941633072325,124580,720575940623022005,left,2999,8765
720575941633214651,126327,720575940623072809,left,3004,8805
720575941638570869,95838,720575940623706549,left,3021,9363
720575941638924917,126892,720575940623864503,left,3023,9470
720575941639613983,124760,720575940624492617,left,3029,10018
720575941639844213,173192,720575940624671636,left,3031,10147
720575941640155679,130305,720575940625942372,left,3034,11033
720575941641078629,103152,720575940626292226,left,3035,11301
720575941642378853,124801,720575940627023047,left,3038,11951
720575941642479973,126601,720575940627266054,left,3039,12268
720575941642584165,117221,720575940627446549,left,3042,12455
720575941642943905,117430,720575940627834311,left,3044,12771
720575941642950817,120858,720575940629525804,left,3045,14089
720575941642973010,116968,720575940629766759,left,3046,14277
720575941642988114,127897,720575940631182592,left,3047,15425
720575941643237281,125570,720575940631406587,left,3052,15605
720575941643292754,97610,720575940631575096,left,3053,15730
720575941643304530,118133,720575940632200007,left,3054,16161
720575941644055672,133918,720575940632813357,left,3065,16596
720575941644308306,121851,720575940632889645,left,3071,16641
720575941644567496,138877,720575940633432798,left,3077,16904
720575941644574664,122346,720575940633726364,left,3078,17060
720575941644575176,123365,720575940633908194,left,3079,17156
720575941644708984,104390,720575940635193195,left,3081,17659
720575941644724424,119247,720575940635286196,left,3083,17711
720575941644760225,129588,720575940635350520,left,3085,17734
720575941644788168,117348,720575940635927151,left,3086,17947
720575941650345493,141396,720575940637380062,left,3104,18442
720575941650990613,98245,720575940637752205,left,3107,18596
720575941651470869,132430,720575940637867241,left,3111,18659
720575941651620881,117600,720575940638641478,left,3113,18940
720575941652146449,123828,720575940640238499,left,3124,19496
720575941652482321,98431,720575940641730549,left,3129,19817
720575941652697105,134908,720575940645323630,left,3131,20307
720575941652928529,120289,720575940652151798,left,3135,20759
720575941653252369,124835,720575940658882945,left,3138,20904
720575941653588180,139075,720575940602928608,left,3140,39
720575941653926617,104459,720575940604828849,left,3148,189
720575941654105049,98788,720575940606014898,left,3150,464
720575941654152148,125918,720575940606319206,left,3151,503
720575941654617817,137504,720575940609620747,left,3157,1160
720575941654854868,127634,720575940612687382,left,3159,2231
720575941655658708,144157,720575940612796330,left,3164,2292
720575941657750808,105042,720575940614212754,left,3173,2917
720575941658032208,132477,720575940614233263,left,3174,2927
720575941658036816,126617,720575940614270189,left,3175,2941
720575941659028048,105351,720575940614276271,left,3188,2949
720575941662422652,130164,720575940615473002,left,3205,3546
720575941662582140,141112,720575940615745548,left,3209,3687
720575941665916403,132620,720575940615788742,left,3219,3704
720575941667266547,106031,720575940615954282,left,3223,3759
720575941667555315,127325,720575940617306324,left,3225,4519
720575941667685619,120361,720575940617429131,left,3226,4606
720575941668483827,121914,720575940617614809,left,3233,4727
720575941669445297,145128,720575940618069721,left,3243,5037
720575941670348711,111298,720575940619184461,left,3250,5688
720575941679148477,133626,720575940619608405,left,3261,5910
720575941680288701,133629,720575940620550491,left,3266,6646
720575941685420783,134175,720575940621730584,left,3279,7694
720575941686481420,136564,720575940622383692,left,3282,8264
720575941687221743,112073,720575940624922552,left,3284,10336
720575941687861366,122653,720575940625952258,left,3289,11039
720575941688181260,122675,720575940626277434,left,3300,11293
720575941688262924,111464,720575940626507036,left,3302,11485
720575941689536219,145453,720575940627094346,left,3312,12038
720575941689618651,98965,720575940628033788,left,3314,12948
720575941689908888,128127,720575940628122186,left,3316,13028
720575941689913240,100190,720575940628876647,left,3317,13605
720575941689916568,139992,720575940629457786,left,3318,14016
720575941689920664,139791,720575940629704058,left,3319,14229
720575941702050266,149252,720575940629767015,left,3327,14279
720575941702182874,124670,720575940630365689,left,3329,14766
720575941702343386,152413,720575940630930259,left,3330,15229
720575941702399706,108363,720575940631671889,left,3333,15789
720575941722853946,128360,720575940632057425,left,3348,16068
720575941723491642,142502,720575940633295571,left,3352,16826
720575941731786539,145258,720575940634237791,left,3359,17291
720575941732179499,121967,720575940635061695,left,3364,17595
720575941732220203,152607,720575940635220148,left,3365,17678
